[{"apellidos":"Silva Martinez","nombre":"Borja","dni":"11111111A","enderezo":{"numero":1,"calle":"calle01","localidad":"localidad01"}},{"apellidos":"Fernandez Trinhans","nombre":"Ivan","dni":"22222222B","enderezo":{"numero":2,"calle":"calle02","localidad":"localidad02"}},{"apellidos":"Outeiral Pinherio","nombre":"Alvaro","dni":"33333333C","enderezo":{"numero":3,"calle":"calle03","localidad":"localidad03"}},{"apellidos":"Silva Rodriguez","nombre":"Hugo","dni":"44444444D","enderezo":{"numero":4,"calle":"calle04","localidad":"localidad04"}},{"apellidos":"Lustres Ilustrado","nombre":"Luis","dni":"55555555E","enderezo":{"numero":5,"calle":"calle05","localidad":"localidad05"}}]