[{"id":1,"cliente":{"dni":"11111111A","nombre":"Borja","apellidos":"Silva Martinez"},"lineasPedido":[{"producto":{"id":1,"nomeProducto":"Raton","descripcion":"Alta respuesta","foto":"foto1","prezo":50},"cantidad":1,"prezoTotal":50},{"producto":{"id":2,"nomeProducto":"Teclado","descripcion":"Razer 23GA","foto":"foto2","prezo":25},"cantidad":1,"prezoTotal":25},{"producto":{"id":3,"nomeProducto":"Monitor","descripcion":"Alta respuesta y resolucion","foto":"foto3","prezo":350},"cantidad":2,"prezoTotal":700}],"importe":775,"entregaado":false},{"id":2,"cliente":{"dni":"22222222B","nombre":"Ivan","apellidos":"Fernandez Tri�ans"},"lineasPedido":[{"producto":{"id":4,"nomeProducto":"Ordenador","descripcion":"PC completo sin grafica","foto":"foto4","prezo":1050},"cantidad":1,"prezoTotal":1050},{"producto":{"id":5,"nomeProducto":"Grafica","descripcion":"NVidia RTX3090 TI 16GB","foto":"foto5","prezo":400},"cantidad":2,"prezoTotal":400}],"importe":1450,"entregaado":true}]