[{"cliente":{"apellidos":"Silva Martinez","nombre":"Borja","dni":"11111111A"},"lineaPedido":[{"producto":{"nomeProducto":"Raton","descripcion":"Alta respuesta","precio":50,"foto":"foto1","id":1},"cantidad":1,"precioTotal":50},{"producto":{"nomeProducto":"Teclado","descripcion":"Razer 23GA","precio":25,"foto":"foto2","id":2},"cantidad":1,"precioTotal":25},{"producto":{"nomeProducto":"Monitor","descripcion":"Alta respuesta y resolucion","precio":350,"foto":"foto3","id":3},"cantidad":2,"precioTotal":700}],"entregado":false,"id":1,"importe":775},{"cliente":{"apellidos":"Fernandez Tri�ans","nombre":"Ivan","dni":"22222222B"},"lineaPedido":[{"producto":{"nomeProducto":"Ordenador","descripcion":"PC completo sin grafica","precio":1050,"foto":"foto4","id":4},"cantidad":1,"precioTotal":1050},{"producto":{"nomeProducto":"Grafica","descripcion":"NVidia RTX3090 TI 16GB","precio":400,"foto":"foto5","id":5},"cantidad":2,"precioTotal":400}],"entregado":true,"id":2,"importe":1450}]